code	states_en	url	created_datetime	last_modified_datetime	creator	pnns_groups_2	countries_en	pnns_groups_1	product_name	energy_100g	proteins_100g	fat_100g	carbohydrates_100g	sugars_100g	salt_100g	sodium_100g	saturated-fat_100g	categories_en	main_category_en	nutriscore_score	nutriscore_grade	fiber_100g	fruits-vegetables-rate_100g
3760029248001	To be checked,Complete,Nutrition facts completed,Ingredients completed,Expiration date to be completed,Packaging code completed,Characteristics completed,Categories completed,Brands completed,Packaging completed,Quantity completed,Product name completed,Photos validated,Photos uploaded	http://world-en.openfoodfacts.org/product/3760029248001/caramels-tendres-au-beurre-sale-au-sel-de-guerande-carabreizh	2012-01-31 14:43:58	2018-08-30 21:14:54	stephane	sweets	France	sugary snacks	Caramels tendres au beurre salé au sel de Guérande	1717.0	3.0	10.9	73.5	49.3	1.7	0.68	7.0	Groceries,Snacks,Sweet snacks,Confectioneries,Caramels	Caramels	28.0	e	1.0	25
3029330062806	To be completed,Nutrition facts completed,Ingredients completed,Expiration date completed,Packaging code to be completed,Characteristics completed,Categories completed,Brands completed,Packaging completed,Quantity completed,Product name completed,Photos to be validated,Photos uploaded	http://world-en.openfoodfacts.org/product/3029330062806/jacquet-les-bouchees-creatives-a-garnir	2012-02-09 10:34:56	2016-12-23 16:38:19	stephane	appetizers	France	salty snacks	Jacquet Les bouchées créatives à garnir	1898.0	8.5	15.5	68.0	2.0	1.7526	0.70104	1.3	Snacks,Salty snacks,Appetizers,Crackers	Crackers	10.0	c	3.0	25
3257980112590	To be completed,Nutrition facts completed,Ingredients completed,Expiration date to be completed,Packaging code completed,Characteristics to be completed,Origins to be completed,Categories completed,Brands completed,Packaging completed,Quantity completed,Product name completed,Photos to be validated,Packaging photo to be selected,Nutrition photo selected,Ingredients photo selected,Front photo selected,Photos uploaded	http://world-en.openfoodfacts.org/product/3257980112590/boudoirs-aux-oeufs-frais-cora	2012-02-11 14:51:07	2021-02-22 22:39:03	marianne	biscuits and cakes	France	sugary snacks	Boudoirs aux œufs frais	1615.0	6.9	3.2	80.4	51.8	0.09	0.036	1.2	Snacks,Sweet snacks,Biscuits and cakes,Biscuits,Dry biscuits,Sponge fingers biscuit	Sponge fingers biscuit	14.0	d	1.6	25
3017760038409	To be completed,Nutrition facts completed,Ingredients completed,Expiration date to be completed,Packaging code to be completed,Characteristics to be completed,Origins to be completed,Categories completed,Brands completed,Packaging completed,Quantity completed,Product name completed,Photos validated,Packaging photo selected,Nutrition photo selected,Ingredients photo selected,Front photo selected,Photos uploaded	http://world-en.openfoodfacts.org/product/3017760038409/lulu-la-barquette-fraise-lu	2012-02-11 15:07:23	2021-02-02 20:38:52	marianne	biscuits and cakes	Belgium,Canada,France,Switzerland	sugary snacks	Lulu La Barquette Fraise	1487.0	3.8	2.0	78.0	58.0	0.09	0.036	0.6	Snacks,Sweet snacks,Biscuits and cakes,Biscuits,Sponge cake biscuits wih fruits covering,Strawberry biscuits,fr:Barquettes à la fraise	fr:Barquettes à la fraise	13.0	d	1.7	25
3160181210524	To be checked,Complete,Nutrition facts completed,Ingredients completed,Expiration date to be completed,Packaging code to be completed,Characteristics completed,Categories completed,Brands completed,Packaging completed,Quantity completed,Product name completed,Photos validated,Photos uploaded	http://world-en.openfoodfacts.org/product/3160181210524/cookies-tout-chocolat-biocoop	2012-02-11 18:51:58	2019-08-23 19:57:37	stephane	biscuits and cakes	France	sugary snacks	Cookies tout chocolat Biocoop	2040.0	7.0	25.0	56.0	33.0	0.381	0.1524	14.0	Snacks,Sweet snacks,Biscuits and cakes,Biscuits,Chocolate biscuits	Chocolate biscuits	19.0	e	5.5	25
2966823003728	To be checked,Complete,Nutrition facts completed,Ingredients completed,Expiration date to be completed,Packaging code completed,Characteristics completed,Categories completed,Brands completed,Packaging completed,Quantity completed,Product name completed,Photos validated,Photos uploaded	http://world-en.openfoodfacts.org/product/2966823003728/golonka-pieczona-soko%C5%82ow	2012-02-11 21:11:15	2019-08-30 00:59:11	andre	unknown	Poland	unknown	Golonka Pieczona	975.0	19.0	17.0	1.0	0.7800000002980241	1.77499998950958	0.232	6.436000009536739	pl:golonka	pl:golonka			2.1	45
3045140118502	To be completed,Nutrition facts completed,Ingredients completed,Expiration date completed,Packaging code to be completed,Characteristics to be completed,Origins to be completed,Categories completed,Brands completed,Packaging completed,Quantity completed,Product name completed,Photos to be validated,Packaging photo to be selected,Nutrition photo selected,Ingredients photo selected,Front photo selected,Photos uploaded	http://world-en.openfoodfacts.org/product/3045140118502/milka-ganze-nuss-milkamondelez	2012-02-12 08:32:47	2021-03-05 11:35:57	andre	chocolate products	Algeria,Austria,France,Germany,Switzerland	sugary snacks	Milka Ganze Nuss	2316.0	8.4	36.0	49.0	47.0	0.3	0.12	15.0	Snacks,Sweet snacks,Chocolates,Milk chocolates,Chocolats,Chocolats-au-lait,Chocolats-aux-noisettes,Snacks-sucres	Snacks-sucres	25.0	e	2.0	25
7613031264285	To be checked,Complete,Nutrition facts completed,Ingredients completed,Expiration date to be completed,Packaging code to be completed,Characteristics completed,Categories completed,Brands completed,Packaging completed,Quantity completed,Product name completed,Photos validated,Photos uploaded	http://world-en.openfoodfacts.org/product/7613031264285/smaczna-zupa-grochova-winiary	2012-02-12 08:51:55	2014-12-31 03:07:48	andre	one dish meals	Poland	composite foods	SMACZNA ZUPA Grochova	159.0	1.8	0.8	5.5	0.4	1.016	0.4064	0.3	Meals,Dried products,Dried products to be rehydrated,Soups,Dried meals,Dehydrated soups	Dehydrated soups			0.7	25
3660088101548	To be completed,Nutrition facts completed,Ingredients completed,Expiration date to be completed,Packaging code to be completed,Characteristics completed,Origins completed,Categories completed,Brands completed,Packaging completed,Quantity completed,Product name completed,Photos to be validated,Packaging photo to be selected,Nutrition photo selected,Ingredients photo selected,Front photo selected,Photos uploaded	http://world-en.openfoodfacts.org/product/3660088101548/sardines-a-la-tomate-et-a-l-huile-d-olive-vierge-la-belle-iloise	2012-02-12 18:01:45	2021-02-22 22:23:28	stephane	fish and seafood	France	fish meat eggs	Sardines à la tomate et à l'huile d'olive vierge	1071.0	17.1	20.1	0.9	0.9	0.7	0.28	4.14	Canned foods,Seafood,Fishes,Canned fishes,Sardines,Canned sardines,Sardines in oil,Sardines in olive oil,Sardines in tomato sauce	Sardines in tomato sauce	5.0	c	0.0	25
3660088100107	To be completed,Nutrition facts completed,Ingredients completed,Expiration date to be completed,Packaging code completed,Characteristics completed,Origins completed,Categories completed,Brands completed,Packaging completed,Quantity completed,Product name completed,Photos to be validated,Packaging photo to be selected,Nutrition photo selected,Ingredients photo selected,Front photo selected,Photos uploaded	http://world-en.openfoodfacts.org/product/3660088100107/sardines-a-l-huile-sauce-pitomail-la-belle-iloise	2012-02-12 18:22:16	2021-02-11 19:14:45	stephane	fish and seafood	France	fish meat eggs	Sardines à l'huile, sauce Pitomaïl	1409.0	17.4	29.5	0.7	0.7	0.6	0.24	5.3	Canned foods,Seafood,Fishes,Canned fishes,Sardines,Canned sardines,Sardines in oil,Sardines in olive oil,Sardines in oil and chili,Sardines in tomato sauce	Sardines in tomato sauce	11.0	d	0.0	25
3660088100831	To be completed,Nutrition facts completed,Ingredients completed,Expiration date to be completed,Packaging code completed,Characteristics to be completed,Origins to be completed,Categories completed,Brands completed,Packaging completed,Quantity completed,Product name completed,Photos to be validated,Packaging photo to be selected,Nutrition photo selected,Ingredients photo selected,Front photo selected,Photos uploaded	http://world-en.openfoodfacts.org/product/3660088100831/thoionade-mousse-de-thon-aux-olives-et-aux-capres-la-belle-iloise	2012-02-12 19:47:39	2021-02-22 21:56:48	stephane	salty and fatty products	France	salty snacks	Thoïonade - Mousse de thon aux olives et aux câpres	925.0	13.5	17.3	2.2	0.3	2.275	0.91	3.36	Canned foods,Meats,Seafood,Spreads,Fishes,Meals,Prepared meats,Salted spreads,Rillettes,Meals with fish,Tunas,Savory mousses	Savory mousses	15.0	d	2.2	25
3660088100251	To be completed,Nutrition facts completed,Ingredients completed,Expiration date to be completed,Packaging code completed,Characteristics to be completed,Origins to be completed,Categories completed,Brands completed,Packaging completed,Quantity completed,Product name completed,Photos to be validated,Packaging photo to be selected,Nutrition photo selected,Ingredients photo selected,Front photo selected,Photos uploaded	http://world-en.openfoodfacts.org/product/3660088100251/creme-de-sardine-au-whisky-la-belle-iloise	2012-02-12 20:07:15	2021-02-09 15:27:38	stephane	salty and fatty products	Belgium,France	salty snacks	Crème de sardine au whisky	1642.0	10.9	37.9	2.9	0.6	0.6	0.24	12.09	Canned foods,Seafood,Spreads,Fishes,Meals,Salted spreads,Canned fishes,Rillettes,Sardines,Canned sardines,Fish preparations,Meals with fish,Fish rillettes,Canned meals,Starters,Preparations-made-from-fish-meat	Preparations-made-from-fish-meat	16.0	d	2.2	25
3262720380092	To be completed,Nutrition facts completed,Ingredients completed,Expiration date to be completed,Packaging code to be completed,Characteristics to be completed,Origins to be completed,Categories completed,Brands completed,Packaging completed,Quantity completed,Product name completed,Photos to be validated,Packaging photo to be selected,Nutrition photo selected,Ingredients photo selected,Front photo selected,Photos uploaded	http://world-en.openfoodfacts.org/product/3262720380092/jus-d-orange-des-tropiques-royal	2012-03-17 15:39:23	2021-02-22 20:47:29	openfoodfacts-contributors	fruit juices	France,Martinique	beverages	Jus d'orange des tropiques	184.0	0.6	0.1	10.5	9.2	0.0	0.0	0.05	Plant-based foods and beverages,Beverages,Plant-based beverages,Fruit-based beverages,Juices and nectars,Fruit juices,Concentrated fruit juices,Orange juices,Concentrated orange juices	Concentrated orange juices	4.0	c	0.5	81
3245390078988	To be completed,Nutrition facts completed,Ingredients completed,Expiration date to be completed,Packaging code to be completed,Characteristics to be completed,Origins to be completed,Categories completed,Brands completed,Packaging completed,Quantity completed,Product name completed,Photos to be validated,Packaging photo to be selected,Nutrition photo selected,Ingredients photo selected,Front photo selected,Photos uploaded	http://world-en.openfoodfacts.org/product/3245390078988/coquillette-grand-jury	2012-03-17 15:49:45	2021-03-28 17:52:58	stephane	cereals	France	cereals and potatoes	Coquillette	1439.0	12.0	2.0	68.0	3.5	0.0254	0.01016	0.5	Plant-based foods and beverages,Plant-based foods,Cereals and potatoes,Cereals and their products,Pastas,Dry pastas,Durum wheat pasta,fr:Coquillettes,fr:Coquillettes de blé dur	fr:Coquillettes de blé dur	-4.0	a	3.0	25
3061990136824	To be completed,Nutrition facts completed,Ingredients completed,Expiration date to be completed,Packaging code to be completed,Characteristics to be completed,Origins to be completed,Categories completed,Brands completed,Packaging completed,Quantity completed,Product name completed,Photos to be validated,Packaging photo to be selected,Nutrition photo selected,Ingredients photo selected,Front photo selected,Photos uploaded	http://world-en.openfoodfacts.org/product/3061990136824/cereales-completes-biscuits-gout-vanille-bn	2012-03-17 19:27:02	2021-02-22 21:16:14	stephane	biscuits and cakes	France	sugary snacks	Céréales complètes Biscuits goût Vanille	1954.0	6.0	18.0	70.3	36.1	0.5588	0.22352	10.3	Snacks,Sweet snacks,Biscuits and cakes,Biscuits,Filled biscuits	Filled biscuits	23.0	e	2.4	25
3564709041155	To be completed,Nutrition facts completed,Ingredients completed,Expiration date completed,Packaging code to be completed,Characteristics completed,Origins completed,Categories completed,Brands completed,Packaging completed,Quantity completed,Product name completed,Photos to be validated,Packaging photo to be selected,Nutrition photo selected,Ingredients photo selected,Front photo selected,Photos uploaded	http://world-en.openfoodfacts.org/product/3564709041155/riz-rond-blanc-de-camargue-nos-regions-ont-du-talent	2012-03-17 21:45:03	2021-03-26 15:20:43	openfoodfacts-contributors	cereals	France	cereals and potatoes	Riz rond blanc de Camargue	1480.0	7.5	0.5	78.0	0.0	0.0	0.0	0.0	Plant-based foods and beverages,Plant-based foods,Cereals and potatoes,Seeds,Cereals and their products,Cereal grains,Rices,Short grain rices,Camargue rices	Camargue rices	-1.0	a	1.0	25
3262720380054	To be completed,Nutrition facts completed,Ingredients completed,Expiration date to be completed,Packaging code to be completed,Characteristics to be completed,Origins to be completed,Categories completed,Brands completed,Packaging completed,Quantity completed,Product name completed,Photos to be validated,Packaging photo to be selected,Nutrition photo selected,Ingredients photo selected,Front photo selected,Photos uploaded	http://world-en.openfoodfacts.org/product/3262720380054/nectar-tropical-royal	2012-03-18 12:16:58	2021-01-19 10:33:22	stephane	sweetened beverages	France,Martinique	beverages	Nectar Tropical	192.0	0.3	0.0	11.0	10.0	0.0	0.0	0.0	Plant-based foods and beverages,Beverages,Plant-based beverages,Fruit-based beverages,Juices and nectars,Fruit nectars,fr:nectars-tropicaux	fr:nectars-tropicaux	14.0	e	0.7	45
3276650013012	To be checked,Complete,Nutrition facts completed,Ingredients completed,Expiration date completed,Packaging code to be completed,Characteristics completed,Categories completed,Brands completed,Packaging completed,Quantity completed,Product name completed,Photos validated,Photos uploaded	http://world-en.openfoodfacts.org/product/3276650013012/riz-parfume-thai-riz-du-monde	2012-03-18 12:31:03	2017-09-23 10:20:34	stephane	cereals	France	cereals and potatoes	Riz parfumé Thaï	1464.0	7.05	0.82	78.18	0.04	0.01	0.004	0.19	Plant-based foods and beverages,Plant-based foods,Cereals and potatoes,Seeds,Cereals and their products,Cereal grains,Rices,Aromatic rices,Indica rices,Long grain rices,Jasmine rice,White rices,White Jasmine rices	White Jasmine rices	0.0	b	3.6	25
3257980301802	To be completed,Nutrition facts completed,Ingredients completed,Expiration date to be completed,Packaging code completed,Characteristics to be completed,Origins to be completed,Categories completed,Brands completed,Packaging completed,Quantity completed,Product name completed,Photos to be validated,Packaging photo to be selected,Nutrition photo selected,Ingredients photo selected,Front photo selected,Photos uploaded	http://world-en.openfoodfacts.org/product/3257980301802/pur-jus-de-pamplemousse-rose-cora	2012-03-18 13:03:18	2021-02-22 20:20:46	stephane	fruit juices	France	beverages	Pur jus de pamplemousse rose	160.0	0.6	0.5	8.5	8.5	0.03	0.012	0.0	Plant-based foods and beverages,Beverages,Plant-based beverages,Fruit-based beverages,Juices and nectars,Fruit juices,Grapefruit juices,Squeezed juices,Pink grapefruit juices,Pure-grapefruit-juice	Pure-grapefruit-juice	2.0	c	0.5	81
3257980532718	To be checked,Complete,Nutrition facts completed,Ingredients completed,Expiration date to be completed,Packaging code to be completed,Characteristics completed,Categories completed,Brands completed,Packaging completed,Quantity completed,Product name completed,Photos validated,Photos uploaded	http://world-en.openfoodfacts.org/product/3257980532718/pruneaux-d-agen-geants-patrimoine-gourmand	2012-03-18 13:25:59	2020-05-16 18:13:19	stephane	dried fruits	France	fruits and vegetables	Pruneaux d'Agen géants	1011.0	1.7	0.4	56.9	4.764	0.5275000000000001	0.012	0.04	Plant-based foods and beverages,Plant-based foods,Fruits and vegetables based foods,Fruits based foods,Dried products,Fruits,Dried plant-based foods,Dried fruits,French fruits,Dried prunes,fr:Pruneaux d'Agen	fr:Pruneaux d'Agen			6.9	81
3760122961586	To be checked,Complete,Nutrition facts completed,Ingredients completed,Expiration date to be completed,Packaging code to be completed,Characteristics completed,Categories completed,Brands completed,Packaging completed,Quantity completed,Product name completed,Photos validated,Photos uploaded	http://world-en.openfoodfacts.org/product/3760122961586/petits-cookies-from-france-au-chocolat-au-lait-et-eclats-de-noisettes-michel-et-augustin	2012-03-18 14:44:11	2017-09-27 21:18:52	stephane	biscuits and cakes	France	sugary snacks	Petits Cookies from France au Chocolat au Lait et Éclats de Noisettes	2190.0	8.0	29.0	59.0	22.4	0.33249999999999996	0.244	8.9	Snacks,Sweet snacks,Biscuits and cakes,Biscuits,Chocolate biscuits,Drop cookies,Chocolate chip cookies,Cookies with milk chocolate	Cookies with milk chocolate			2.5	25
3660088100084	To be completed,Nutrition facts completed,Ingredients completed,Expiration date to be completed,Packaging code completed,Characteristics to be completed,Origins to be completed,Categories completed,Brands completed,Packaging completed,Quantity completed,Product name completed,Photos to be validated,Packaging photo to be selected,Nutrition photo selected,Ingredients photo selected,Front photo selected,Photos uploaded	http://world-en.openfoodfacts.org/product/3660088100084/sardines-a-l-huile-d-olive-saint-georges-la-belle-iloise	2012-03-18 14:53:35	2021-02-26 12:11:04	stephane	fish and seafood	France	fish meat eggs	Sardines à l'huile d'olive Saint-Georges	1329.0	20.3	26.4	0.2	0.2	1.3	0.52	5.23	Canned foods,Seafood,Fishes,Canned fishes,Sardines,Canned sardines,Sardines in oil,Sardines in olive oil	Sardines in olive oil	13.0	d	0.0	25
3660088100367	To be checked,Complete,Nutrition facts completed,Ingredients completed,Expiration date to be completed,Packaging code completed,Characteristics completed,Categories completed,Brands completed,Packaging completed,Quantity completed,Product name completed,Photos validated,Photos uploaded	http://world-en.openfoodfacts.org/product/3660088100367/thon-blanc-germon-a-l-huile-d-olive-vierge-extra-la-belle-iloise	2012-03-18 14:58:05	2020-06-11 15:22:00	stephane	fish and seafood	France	fish meat eggs	Thon blanc germon à l’huile d’olive vierge extra	1373.0	24.7	25.5	0.3	0.2	0.4	0.16	3.95	Seafood,Fishes,Tunas,Tunas in oil,Tuna in olive oil,Albacore	Albacore	3.0	c	0.0	25
3660088100442	To be completed,Nutrition facts completed,Ingredients completed,Expiration date to be completed,Packaging code completed,Characteristics to be completed,Origins to be completed,Categories completed,Brands completed,Packaging completed,Quantity completed,Product name completed,Photos to be validated,Packaging photo to be selected,Nutrition photo selected,Ingredients photo selected,Front photo selected,Photos uploaded	http://world-en.openfoodfacts.org/product/3660088100442/mousse-de-thon-blanc-au-basilic-la-belle-iloise	2012-03-18 15:12:37	2021-03-05 17:44:26	stephane	salty and fatty products	France	salty snacks	Mousse de thon blanc au basilic	900.0	14.8	22.2	0.8	0.8	1.375	0.55	4.09	Canned foods,Meats,Seafood,Spreads,Fishes,Meals,Prepared meats,Salted spreads,Canned fishes,Rillettes,Tunas,Fish preparations,Meals with fish,Fish rillettes,Savory mousses,Albacore,Tuna rillettes	Tuna rillettes	12.0	d	0.0	25
3660088116702	To be completed,Nutrition facts completed,Ingredients completed,Expiration date to be completed,Packaging code completed,Characteristics completed,Categories completed,Brands completed,Packaging completed,Quantity completed,Product name completed,Photos to be validated,Photos uploaded	http://world-en.openfoodfacts.org/product/3660088116702/sardines-a-l-huile-d-olive-et-au-citron-la-belle-iloise	2012-03-18 15:16:10	2019-01-06 06:22:41	stephane	fish and seafood	France	fish meat eggs	Sardines à l'huile d'olive et au citron	1423.0	17.6	29.6	0.3	0.3	0.6	0.24	5.59	Canned foods,Seafood,Fishes,Canned fishes,Sardines,Canned sardines,Sardines in oil,Sardines in olive oil	Sardines in olive oil	11.0	d	0.0	25
3660088125766	To be completed,Nutrition facts completed,Ingredients completed,Expiration date to be completed,Packaging code completed,Characteristics completed,Categories completed,Brands completed,Packaging completed,Quantity completed,Product name completed,Photos to be validated,Packaging photo to be selected,Nutrition photo selected,Ingredients photo selected,Front photo selected,Photos uploaded	http://world-en.openfoodfacts.org/product/3660088125766/emiette-de-maquereaux-aux-graines-de-paradis-la-belle-iloise	2012-03-18 15:19:35	2020-12-17 11:41:04	stephane	fish and seafood	France	fish meat eggs	Emietté de maquereaux aux graines de paradis	1138.0	13.9	22.2	3.6	1.8	0.9	0.36	4.46	Canned foods,Seafood,Fishes,Canned fishes,Fish fillets,Mackerels,Mackerel fillets,Tinned Mackerels	Tinned Mackerels	5.0	c	0.0	25
3660088117198	To be completed,Nutrition facts completed,Ingredients completed,Expiration date to be completed,Packaging code completed,Characteristics to be completed,Origins to be completed,Categories completed,Brands completed,Packaging completed,Quantity completed,Product name completed,Photos to be validated,Packaging photo to be selected,Nutrition photo selected,Ingredients photo selected,Front photo selected,Photos uploaded	http://world-en.openfoodfacts.org/product/3660088117198/rillettes-de-thon-a-la-parmesane-la-belle-iloise	2012-03-18 15:26:42	2021-03-05 12:15:04	stephane	salty and fatty products	France	salty snacks	Rillettes de Thon à la Parmesane	1159.0	16.5	22.2	2.2	1.4	0.9	0.36	9.59	Canned foods,Meats,Seafood,Spreads,Fishes,Meals,Prepared meats,Salted spreads,Canned fishes,Rillettes,Fish preparations,Meals with fish,Tunas,Fish rillettes,Canned tunas,Tuna rillettes,Preparations-made-from-fish-meat	Preparations-made-from-fish-meat	15.0	d	2.2	25
3660088100466	To be completed,Nutrition facts completed,Ingredients completed,Expiration date completed,Packaging code completed,Characteristics to be completed,Origins to be completed,Categories completed,Brands completed,Packaging completed,Quantity completed,Product name completed,Photos to be validated,Packaging photo to be selected,Nutrition photo selected,Ingredients photo selected,Front photo selected,Photos uploaded	http://world-en.openfoodfacts.org/product/3660088100466/creme-de-saumon-a-l-estragon-la-belle-iloise	2012-03-18 16:32:28	2021-02-23 00:33:53	stephane	salty and fatty products	France	salty snacks	Crème de Saumon à l'Estragon	951.0	11.9	19.3	1.8	0.6	1.0	0.4	2.62	Canned foods,Meats,Seafood,Spreads,Fishes,Meals,Prepared meats,Salted spreads,Rillettes,Fish preparations,Meals with fish,Fish rillettes,Salmon Rillettes,Preparations-made-from-fish-meat	Preparations-made-from-fish-meat	3.0	c	2.2	25
3329151015051	To be checked,Complete,Nutrition facts completed,Ingredients completed,Expiration date completed,Packaging code to be completed,Characteristics completed,Categories completed,Brands completed,Packaging completed,Quantity completed,Product name completed,Photos validated,Photos uploaded	http://world-en.openfoodfacts.org/product/3329151015051/crabe-des-mers-chaudes-morceaux-et-pattes-nautilus	2012-03-18 16:48:07	2015-09-19 13:04:37	stephane	fish and seafood	France	fish meat eggs	Crabe des mers chaudes - Morceaux et pattes	224.0	11.5	0.3	1.0	1.0	1.27	0.508	0.1	Seafood,Crustaceans,Crab	Crab	0.0	b	0.0	25
3760096960523	To be completed,Nutrition facts completed,Ingredients completed,Expiration date to be completed,Packaging code completed,Characteristics to be completed,Origins to be completed,Categories completed,Brands completed,Packaging completed,Quantity completed,Product name completed,Photos to be validated,Packaging photo to be selected,Nutrition photo selected,Ingredients photo selected,Front photo selected,Photos uploaded	http://world-en.openfoodfacts.org/product/3760096960523/fraicheur-creole-passion-leader-price	2012-03-18 20:09:42	2021-02-22 23:24:47	stephane	sweetened beverages	France	beverages	Fraîcheur Créole Passion	205.0	0.3	0.1	11.1	38.5	0.0	0.0	4.8	Plant-based foods and beverages,Beverages,Plant-based beverages,Fruit-based beverages,Sweetened beverages	Sweetened beverages			1.5	45
3262720381013	To be checked,Complete,Nutrition facts completed,Ingredients completed,Expiration date to be completed,Packaging code to be completed,Characteristics completed,Categories completed,Brands completed,Packaging completed,Quantity completed,Product name completed,Photos validated,Photos uploaded	http://world-en.openfoodfacts.org/product/3262720381013/nectar-goyave-leader-price	2012-03-18 20:15:52	2020-02-26 20:55:18	stephane	sweetened beverages	France	beverages	Nectar Goyave	176.0	0.0	0.5	10.0	9.9	0.01	0.004	0.5	Plant-based foods and beverages,Beverages,Plant-based beverages,Fruit-based beverages,Juices and nectars,Fruit nectars,Guava nectars	Guava nectars	13.0	e	0.7	45
3760096960530	To be checked,Complete,Nutrition facts completed,Ingredients completed,Expiration date to be completed,Packaging code completed,Characteristics completed,Categories completed,Brands completed,Packaging completed,Quantity completed,Product name completed,Photos validated,Photos uploaded	http://world-en.openfoodfacts.org/product/3760096960530/fraicheur-creole-exotique-leader-price	2012-03-18 20:21:36	2019-06-26 19:50:24	stephane	sweetened beverages	France	beverages	Fraîcheur Créole Exotique	201.0	0.2	0.1	11.5	11.1	0.0	0.0	0.02	Plant-based foods and beverages,Beverages,Plant-based beverages,Fruit-based beverages,Juices and nectars,Fruit nectars,fr:nectars-exotiques	fr:nectars-exotiques	11.0	e	0.1	45
3575650001037	To be completed,Nutrition facts completed,Ingredients completed,Expiration date to be completed,Packaging code completed,Characteristics completed,Categories completed,Brands completed,Packaging completed,Quantity completed,Product name completed,Photos to be validated,Photos uploaded	http://world-en.openfoodfacts.org/product/3575650001037/thon-fume-des-antilles-cap-creole	2012-03-18 20:34:42	2020-04-19 00:40:00	stephane	fish and seafood	France	fish meat eggs	Thon fumé des Antilles	577.0	28.4	0.2	5.1	1.466	12.255284	0.44	0.1	Seafood,Fishes,Tunas,Smoked fishes,Smoked tunas	Smoked tunas			0.0	25
5600361740857	To be checked,Complete,Nutrition facts completed,Ingredients completed,Expiration date to be completed,Packaging code to be completed,Characteristics completed,Categories completed,Brands completed,Packaging completed,Quantity completed,Product name completed,Photos validated,Photos uploaded	http://world-en.openfoodfacts.org/product/5600361740857/morue-tricana	2012-03-19 12:27:53	2018-06-11 16:02:42	malikele	fish and seafood	Belgium,France	fish meat eggs	Morue	728.0	25.0	5.8	2.7	0.74	4.715763999999999	0.44	0.0	Canned foods,Seafood,Fishes,Canned fishes,Cods	Cods			0.0	25
3263852664111	To be checked,Complete,Nutrition facts completed,Ingredients completed,Expiration date to be completed,Packaging code completed,Characteristics completed,Categories completed,Brands completed,Packaging completed,Quantity completed,Product name completed,Photos validated,Photos uploaded	http://world-en.openfoodfacts.org/product/3263852664111/marbre-gout-chocolat-leader-price	2012-03-19 13:34:32	2019-08-23 19:08:04	stephane	biscuits and cakes	France	sugary snacks	Marbré goût chocolat	1797.0	5.8	22.0	51.0	29.0	0.7366	0.29464	11.0	Snacks,Desserts,Sweet snacks,Biscuits and cakes,Cakes,Chocolate cakes,Marble cakes	Marble cakes	22.0	e	2.4	25
3569470000011	To be completed,Nutrition facts completed,Ingredients completed,Expiration date to be completed,Packaging code completed,Characteristics completed,Origins completed,Categories completed,Brands completed,Packaging completed,Quantity completed,Product name completed,Photos to be validated,Packaging photo to be selected,Nutrition photo selected,Ingredients photo selected,Front photo selected,Photos uploaded	http://world-en.openfoodfacts.org/product/3569470000011/sucre-pure-canne-sik-a-bon-kann-marie	2012-03-19 15:04:51	2021-02-22 23:36:55	andre	sweets	France,Guadeloupe	sugary snacks	Sucre pure canne - Sik a bon kann	1669.0	0.0	0.0	99.7	99.6	0.0	0.0	0.0	Sweeteners,Sugars,Cane sugar	Cane sugar	14.0	d	0.0	25
5600361740345	To be checked,Complete,Nutrition facts completed,Ingredients completed,Expiration date to be completed,Packaging code completed,Characteristics completed,Categories completed,Brands completed,Packaging completed,Quantity completed,Product name completed,Photos validated,Photos uploaded	http://world-en.openfoodfacts.org/product/5600361740345/sardines-tricana	2012-03-19 15:43:57	2018-02-12 18:32:58	malikele	fish and seafood	Belgium,France	fish meat eggs	Sardines	1314.0	18.4	26.8	0.0	0.0	0.9	0.36	5.7	Canned foods,Seafood,Fishes,Canned fishes,Sardines,Canned sardines,Sardines in oil,Sardines in olive oil	Sardines in olive oil	11.0	d	0.0	25
5600361741106	To be checked,Complete,Nutrition facts completed,Ingredients completed,Expiration date to be completed,Packaging code completed,Characteristics completed,Categories completed,Brands completed,Packaging completed,Quantity completed,Product name completed,Photos validated,Photos uploaded	http://world-en.openfoodfacts.org/product/5600361741106/sardines-tricana	2012-03-19 17:16:42	2018-02-25 20:33:07	malikele	fish and seafood	Belgium	fish meat eggs	Sardines	950.0	22.7	18.2	0.0	0.0	2.0	0.8	2.0	Canned foods,Seafood,Fishes,Canned fishes,Sardines,Canned sardines,Sardines in oil	Sardines in oil	11.0	d	0.0	25
4018722301844	To be checked,Complete,Nutrition facts completed,Ingredients completed,Expiration date to be completed,Packaging code to be completed,Characteristics completed,Categories completed,Brands completed,Packaging completed,Quantity completed,Product name completed,Photos validated,Photos uploaded	http://world-en.openfoodfacts.org/product/4018722301844/pates-tricolores-alb-natur	2012-03-19 17:44:15	2018-04-06 15:15:12	stephane	cereals	France	cereals and potatoes	Pâtes tricolores	1506.0	12.0	1.5	73.0	0.2	0.02	0.008	0.6	Plant-based foods and beverages,Plant-based foods,Cereals and potatoes,Cereals and their products,Pastas,Dry pastas,Flavored and colored dry pastas	Flavored and colored dry pastas	-1.0	a	3.6	25
3770000910018	To be completed,Nutrition facts completed,Ingredients completed,Expiration date to be completed,Packaging code to be completed,Characteristics completed,Origins completed,Categories completed,Brands completed,Packaging completed,Quantity completed,Product name completed,Photos to be validated,Packaging photo to be selected,Nutrition photo selected,Ingredients photo selected,Front photo selected,Photos uploaded	http://world-en.openfoodfacts.org/product/3770000910018/petales-de-patate-douce-bio-croustisud	2012-03-19 17:49:59	2021-02-09 15:34:11	stephane	appetizers	France	salty snacks	Pétales de patate douce bio	2239.0	4.3	35.1	46.7	27.0	0.3	0.12	4.0	Snacks,Salty snacks,Appetizers,Chips and fries,Crisps,Sweet potato crisps	Sweet potato crisps	15.0	d	3.8	25
3770000910094	To be completed,Nutrition facts completed,Ingredients completed,Expiration date to be completed,Packaging code to be completed,Characteristics completed,Origins completed,Categories completed,Brands completed,Packaging completed,Quantity completed,Product name completed,Photos to be validated,Packaging photo to be selected,Nutrition photo selected,Ingredients photo selected,Front photo selected,Photos uploaded	http://world-en.openfoodfacts.org/product/3770000910094/petales-de-panais-au-romarin-croustisud	2012-03-19 17:57:19	2021-02-22 21:40:12	stephane	appetizers	France	salty snacks	Pétales de panais au romarin	2226.0	3.7	38.7	32.6	29.7	0.0	0.0	4.2	Snacks,Salty snacks,Appetizers,Chips and fries,Crisps,Parsnip Crisps	Parsnip Crisps	14.0	d	0.0	25
5400112112403	To be checked,Complete,Nutrition facts completed,Ingredients completed,Expiration date to be completed,Packaging code completed,Characteristics completed,Categories completed,Brands completed,Packaging completed,Quantity completed,Product name completed,Photos validated,Photos uploaded	http://world-en.openfoodfacts.org/product/5400112112403/gorgonzola-aop-delhaize	2012-03-19 17:57:43	2020-05-28 19:47:26	malikele	cheese	Belgium,France	milk and dairy products	Gorgonzola AOP	1297.0	19.0	26.0	0.0	0.0	1.4	0.56	19.0	Dairies,Fermented foods,Fermented milk products,Cheeses,Cow cheeses,Blue-veined cheeses,Italian cheeses,Pasteurized cheeses,Gorgonzolas	Gorgonzolas	14.0	d	0.0	25
3263670014457	To be completed,Nutrition facts completed,Ingredients completed,Expiration date to be completed,Packaging code completed,Characteristics completed,Origins completed,Categories completed,Brands completed,Packaging completed,Quantity completed,Product name completed,Photos to be validated,Packaging photo to be selected,Nutrition photo selected,Ingredients photo selected,Front photo selected,Photos uploaded	http://world-en.openfoodfacts.org/product/3263670014457/sardines-de-bretagne-a-la-sauce-tomate-a-l-huile-d-olive-issue-de-l-agriculture-bio-phare-d-eckmuhl	2012-03-19 18:03:09	2021-02-22 19:23:10	stephane	fish and seafood	France,Japan,Switzerland	fish meat eggs	Sardines de Bretagne à la sauce tomate à l'huile d'olive issue de l'agriculture bio	690.0	15.0	11.0	1.5	1.5	1.016	0.4064	3.0	Canned foods,Seafood,Fishes,Canned fishes,Sardines,Canned sardines,Sardines in oil,Sardines in olive oil,Sardines in tomato sauce	Sardines in tomato sauce	2.0	b	1.0	25
3263670012453	To be completed,Nutrition facts completed,Ingredients completed,Expiration date to be completed,Packaging code completed,Characteristics completed,Origins completed,Categories completed,Brands completed,Packaging completed,Quantity completed,Product name completed,Photos to be validated,Packaging photo to be selected,Nutrition photo selected,Ingredients photo selected,Front photo selected,Photos uploaded	http://world-en.openfoodfacts.org/product/3263670012453/sardines-de-bretagne-a-l-huile-d-olive-et-citron-phare-d-eckmuhl	2012-03-19 18:10:39	2021-02-22 20:11:52	stephane	fish and seafood	France,Réunion	fish meat eggs	Sardines de Bretagne à l'huile d'olive et citron	933.0	22.0	15.0	0.0	0.0	1.0	0.4	3.3	Canned foods,Seafood,Fishes,Canned fishes,Sardines,Canned sardines,Sardines in oil,Sardines in olive oil,Sardines in oil and lemon,fr:poissons-sardines	fr:poissons-sardines	4.0	c	0.0	25
3240931534879	To be completed,Nutrition facts completed,Ingredients completed,Expiration date completed,Packaging code to be completed,Characteristics to be completed,Origins to be completed,Categories completed,Brands completed,Packaging completed,Quantity completed,Product name completed,Photos to be validated,Packaging photo to be selected,Nutrition photo selected,Ingredients photo selected,Front photo selected,Photos uploaded	http://world-en.openfoodfacts.org/product/3240931534879/demi-lune-aubergine-mozzarella-aux-oeufs-frais-lustucru	2012-03-19 18:17:04	2019-06-27 16:01:54	andre	cereals	France	cereals and potatoes	Demi-Lune, Aubergine Mozzarella aux œufs frais	1038.0	7.7	7.3	37.0	6.1	1.2	0.48	1.8	Plant-based foods and beverages,Plant-based foods,Cereals and potatoes,Cereals and their products,Meals,Fresh foods,Pasta dishes,Pastas,Stuffed pastas,Fresh meals,Fresh pasta,Ravioli,Fresh ravioli,Pasta stuffed with cheese,Cheese ravioli,fr:demi-lune-aubergine-mozzarella-aux-oeufs-frais	fr:demi-lune-aubergine-mozzarella-aux-oeufs-frais	4.0	c	2.7	25
3268350120046	To be completed,Nutrition facts completed,Ingredients completed,Expiration date completed,Packaging code to be completed,Characteristics completed,Origins completed,Categories completed,Brands completed,Packaging completed,Quantity completed,Product name completed,Photos to be validated,Packaging photo to be selected,Nutrition photo selected,Ingredients photo selected,Front photo selected,Photos uploaded	http://world-en.openfoodfacts.org/product/3268350120046/equi-libre-chocolat-le-moulin-du-pivert	2012-03-19 18:20:05	2020-11-10 16:44:05	stephane	biscuits and cakes	France	sugary snacks	Equi'libre chocolat	2096.0	6.2	24.5	62.0	20.7	0.343	0.1372	4.45	Snacks,Sweet snacks,Biscuits and cakes,Biscuits,Chocolate biscuits	Chocolate biscuits	12.0	d	3.7	25
3268350120268	To be completed,Nutrition facts completed,Ingredients completed,Expiration date completed,Packaging code completed,Characteristics completed,Origins completed,Categories completed,Brands completed,Packaging completed,Quantity completed,Product name completed,Photos to be validated,Packaging photo to be selected,Nutrition photo selected,Ingredients photo selected,Front photo selected,Photos uploaded	http://world-en.openfoodfacts.org/product/3268350120268/petits-pains-grilles-cereales-graines-le-moulin-du-pivert	2012-03-19 18:27:58	2021-02-22 18:23:13	stephane	bread	France	cereals and potatoes	Petits pains grillés Céréales & Graines	1703.0	10.4	6.5	70.5	3.2	1.0	0.4	0.8	Plant-based foods and beverages,Plant-based foods,Cereals and potatoes,Breads,Toasts,Toasted bread rolls	Toasted bread rolls	0.0	b	4.1	25
3760186970166	To be completed,Nutrition facts completed,Ingredients completed,Expiration date to be completed,Packaging code completed,Characteristics completed,Categories completed,Brands completed,Packaging completed,Quantity completed,Product name completed,Photos to be validated,Packaging photo to be selected,Nutrition photo selected,Ingredients photo selected,Front photo selected,Photos uploaded	http://world-en.openfoodfacts.org/product/3760186970166/jus-de-grenade-100-pur-jus-planete-bio	2012-03-19 18:38:31	2020-12-02 19:00:19	stephane	fruit juices	France	beverages	Jus de grenade 100% pur jus	268.0	1.1	0.6	14.0	14.0	0.0	0.0	0.1	Plant-based foods and beverages,Beverages,Plant-based foods,Plant-based beverages,Fruit-based beverages,Juices and nectars,Fruit juices,Pomegranate juices	Pomegranate juices	9.0	d	0.0	81
3257981029910	To be checked,Complete,Nutrition facts completed,Ingredients completed,Expiration date to be completed,Packaging code completed,Characteristics completed,Categories completed,Brands completed,Packaging completed,Quantity completed,Product name completed,Photos validated,Photos uploaded	http://world-en.openfoodfacts.org/product/3257981029910/huile-d-olive-vierge-extra-cora	2012-03-19 21:31:07	2019-01-17 20:37:04	stephane	fats	France	fat and sauces	Huile d'Olive vierge extra	3700.0	0.0	100.0	0.0	0.0	0.0	0.0	14.0	Plant-based foods and beverages,Plant-based foods,Fats,Olive tree products,Vegetable fats,Vegetable oils,Olive oils,Extra-virgin olive oils,Virgin olive oils	Virgin olive oils	6.0	c	0.0	25
5410068237501	To be completed,Nutrition facts completed,Ingredients completed,Expiration date to be completed,Packaging code completed,Characteristics to be completed,Origins to be completed,Categories completed,Brands completed,Packaging completed,Quantity completed,Product name completed,Photos to be validated,Packaging photo to be selected,Nutrition photo selected,Ingredients photo selected,Front photo selected,Photos uploaded	http://world-en.openfoodfacts.org/product/5410068237501/light-philadelphia-specialite-de-fromage-frais	2012-03-20 12:15:48	2021-02-22 20:59:35	malikele	cheese	Belgium,France,Netherlands	milk and dairy products	Light Philadelphia, spécialité de fromage frais	614.0	8.3	12.0	4.1	4.1	0.7	0.28	7.9	Dairies,Fermented foods,Fermented milk products,Cheeses,Cow cheeses,Pasteurized cheeses,Cream cheeses	Cream cheeses	6.0	c	0.4	25
3073780574310	To be completed,Nutrition facts completed,Ingredients completed,Expiration date to be completed,Packaging code completed,Characteristics completed,Categories completed,Brands completed,Packaging completed,Quantity completed,Product name completed,Photos to be validated,Packaging photo to be selected,Nutrition photo selected,Ingredients photo selected,Front photo selected,Photos uploaded	http://world-en.openfoodfacts.org/product/3073780574310/la-vache-qui-rit-24-portions-19-mg	2012-03-20 14:56:18	2020-12-01 16:54:01	andre	cheese	Belgium,France,Switzerland	milk and dairy products	La Vache qui rit® 24 Portions (19 % MG)	1000.0	11.5	18.5	6.5	6.5	1.8	0.72	12.5	Dairies,Fermented foods,Spreads,Fermented milk products,Salted spreads,Cheeses,Fresh foods,Cow cheeses,French cheeses,Processed cheese,Cheese spreads,Industrial cheese	Industrial cheese	15.0	d	0.0	25
8712566246465	To be completed,Nutrition facts completed,Ingredients completed,Expiration date completed,Packaging code to be completed,Characteristics to be completed,Origins to be completed,Categories completed,Brands completed,Packaging completed,Quantity completed,Product name completed,Photos to be validated,Packaging photo to be selected,Nutrition photo selected,Ingredients photo selected,Front photo selected,Photos uploaded	http://world-en.openfoodfacts.org/product/8712566246465/moutarde-fine-de-dijon-maille	2012-03-20 15:34:12	2021-02-22 21:37:29	openfoodfacts-contributors	dressings and sauces	France,Spain	fat and sauces	Moutarde fine de Dijon	628.0	7.0	11.0	3.5	1.9	5.7	2.28	0.6	Groceries,Condiments,Sauces,Mustards,Dijon mustards,Fine mustards	Fine mustards	11.0	d	0.2	45
8710442101303	To be checked,Complete,Nutrition facts completed,Ingredients completed,Expiration date to be completed,Packaging code to be completed,Characteristics completed,Categories completed,Brands completed,Packaging completed,Quantity completed,Product name completed,Photos validated,Photos uploaded	http://world-en.openfoodfacts.org/product/8710442101303/chapelure-spar	2012-03-20 15:44:44	2019-02-15 18:40:50	malikele	bread	Belgium	cereals and potatoes	Chapelure	1455.0	13.5	2.0	65.2	15.98	0.811708	0.48	2.4219999999999997	Plant-based foods and beverages,Plant-based foods,Groceries,Cereals and potatoes,Breads,Bread crumbs	Bread crumbs			3.4	25
3039823100311	To be completed,Nutrition facts completed,Ingredients completed,Expiration date completed,Packaging code to be completed,Characteristics completed,Categories completed,Brands completed,Packaging completed,Quantity completed,Product name completed,Photos to be validated,Photos uploaded	http://world-en.openfoodfacts.org/product/3039823100311/pois-chiches-vivien-paille	2012-03-20 15:54:11	2018-04-06 18:58:14	malikele	legumes	Belgium,France	cereals and potatoes	Pois chiches	1425.0	19.3	6.0	43.3	2.7	0.06	0.024	0.6	Plant-based foods and beverages,Plant-based foods,Groceries,Legumes and their products,Legumes,Seeds,Legume seeds,Pulses,Chickpeas	Chickpeas	-6.0	a	17.4	81
3487400000392	To be completed,Nutrition facts completed,Ingredients completed,Expiration date completed,Packaging code to be completed,Characteristics completed,Origins completed,Categories completed,Brands completed,Packaging completed,Quantity completed,Product name completed,Photos to be validated,Packaging photo to be selected,Nutrition photo selected,Ingredients photo selected,Front photo selected,Photos uploaded	http://world-en.openfoodfacts.org/product/3487400000392/ble-tendre-cuisson-10-min-ebly-500-g	2012-03-20 16:04:28	2021-02-20 12:54:25	malikele	cereals	Belgium,France,Luxembourg,Morocco,Switzerland	cereals and potatoes	Blé tendre cuisson 10 min Ebly 500 g	565.0	4.7	0.5	26.9	0.5	0.0	0.0	0.1	Plant-based foods and beverages,Plant-based foods,Cereals and potatoes,Seeds,Cereals and their products,Cereal grains,Wheats,Durum wheats,fr:bles-durs-precuits	fr:bles-durs-precuits	-3.0	a	2.2	25
3039823000314	To be completed,Nutrition facts completed,Ingredients completed,Expiration date to be completed,Packaging code to be completed,Characteristics to be completed,Origins to be completed,Categories completed,Brands completed,Packaging completed,Quantity completed,Product name completed,Photos to be validated,Packaging photo to be selected,Nutrition photo selected,Ingredients photo selected,Front photo selected,Photos uploaded	http://world-en.openfoodfacts.org/product/3039823000314/pois-casses-vivien-paille	2012-03-20 16:17:58	2021-01-22 22:39:39	malikele	legumes	Belgium,France	cereals and potatoes	Pois cassés	1364.0	22.6	2.1	47.6	5.3	0.04	0.016	0.3	Plant-based foods and beverages,Plant-based foods,Legumes and their products,Legumes,Seeds,Legume seeds,Pulses,Dried split peas	Dried split peas	-5.0	a	13.2	81
3760091720436	To be completed,Nutrition facts completed,Ingredients completed,Expiration date to be completed,Packaging code to be completed,Characteristics completed,Origins completed,Categories completed,Brands completed,Packaging completed,Quantity completed,Product name completed,Photos to be validated,Packaging photo to be selected,Nutrition photo to be selected,Ingredients photo to be selected,Front photo selected,Photos uploaded	http://world-en.openfoodfacts.org/product/3760091720436/quinoa-de-l-equateur-ethiquable	2012-03-20 16:27:20	2021-02-14 19:44:06	malikele	cereals	Belgium,France	cereals and potatoes	Quinoa de l'equateur	1474.0	13.0	3.7999999523163	66.199996948242	0.0	0.019999999552965	0.007999999821186	0.40000000596046	Plant-based foods and beverages,Plant-based foods,Cereals and potatoes,Seeds,Cereals and their products,Cereal grains,Quinoa	Quinoa	-6.0	a	6.6	25
5400111000985	To be completed,Nutrition facts completed,Ingredients completed,Expiration date to be completed,Packaging code completed,Characteristics to be completed,Origins to be completed,Categories completed,Brands completed,Packaging completed,Quantity completed,Product name completed,Photos to be validated,Packaging photo to be selected,Nutrition photo selected,Ingredients photo selected,Front photo selected,Photos uploaded	http://world-en.openfoodfacts.org/product/5400111000985/lait-demi-ecreme-kids-delhaize	2012-03-20 16:46:56	2021-02-22 23:09:48	malikele	milk and yogurt	Belgium,France	milk and dairy products	Lait demi-écrémé  kids	201.0	3.5	1.6	4.8	4.8	0.1	0.04	1.1	Dairies,Milks,Homogenized milks,Semi-skimmed milks,UHT Milks	UHT Milks	0.0	b	0.0	25
3410280020976	To be checked,Complete,Nutrition facts completed,Ingredients completed,Expiration date to be completed,Packaging code completed,Characteristics completed,Categories completed,Brands completed,Packaging completed,Quantity completed,Product name completed,Photos validated,Photos uploaded	http://world-en.openfoodfacts.org/product/3410280020976/lait-concentre-entier-non-sucre-top-budget	2012-03-20 18:27:40	2018-10-29 08:10:55	malikele	unknown	France	unknown	Lait concentré entier non sucré	552.0	6.1	7.5	10.1	10.1	0.3	0.12	5.0	Dairies,Evaporated milks,fr:Laits concentrés non sucrés,fr:Laits entiers concentrés	fr:Laits entiers concentrés	5.0	c	2.1	45
8850781702899	To be checked,Complete,Nutrition facts completed,Ingredients completed,Expiration date to be completed,Packaging code completed,Characteristics completed,Categories completed,Brands completed,Packaging completed,Quantity completed,Product name completed,Photos validated,Photos uploaded	http://world-en.openfoodfacts.org/product/8850781702899/coconut-milk-thai-heritage	2012-03-20 18:37:43	2020-01-24 16:52:28	malikele	plant based milk substitutes	Belgium	beverages	Coconut milk	690.0	1.5	16.8	1.9	1.6	0.1	0.04	14.7	Plant-based foods and beverages,Beverages,Plant-based beverages,Milk substitute,Plant milks,Coconut milks,Unsweetened beverages	Unsweetened beverages	11.0	d	1.0	25
3263670128116	To be completed,Nutrition facts completed,Ingredients completed,Expiration date to be completed,Packaging code completed,Characteristics completed,Origins completed,Categories completed,Brands completed,Packaging completed,Quantity completed,Product name completed,Photos to be validated,Packaging photo to be selected,Nutrition photo selected,Ingredients photo selected,Front photo selected,Photos uploaded	http://world-en.openfoodfacts.org/product/3263670128116/sardines-genereuses-au-piment-connetable	2012-03-20 18:50:22	2021-02-22 18:53:04	lilimarti	fish and seafood	France	fish meat eggs	Sardines généreuses au piment	950.0	23.0	15.0	0.0	0.0	1.0	0.4	3.3	Canned foods,Seafood,Fishes,Canned fishes,Sardines,Canned sardines	Canned sardines	4.0	c	0.0	25
20205690	To be checked,Complete,Nutrition facts completed,Ingredients completed,Expiration date to be completed,Packaging code completed,Characteristics completed,Categories completed,Brands completed,Packaging completed,Quantity completed,Product name completed,Photos validated,Photos uploaded	http://world-en.openfoodfacts.org/product/20205690/fromage-de-chevre-en-tranches-uniekaas	2012-03-20 19:39:07	2016-01-29 16:47:08	lilimarti	cheese	France	milk and dairy products	Fromage de chèvre en tranches	1630.0	21.0	34.0	0.0	0.0	1.8796	0.75184	23.0	Dairies,Fermented foods,Fermented milk products,Cheeses,Goat cheeses,Pasteurized cheeses	Pasteurized cheeses	17.0	d	0.0	25
3596710369157	To be checked,Complete,Nutrition facts completed,Ingredients completed,Expiration date to be completed,Packaging code to be completed,Characteristics completed,Categories completed,Brands completed,Packaging completed,Quantity completed,Product name completed,Photos validated,Photos uploaded	http://world-en.openfoodfacts.org/product/3596710369157/energy-orange-mangue-acerola-guarana-pasteurise-auchan	2012-03-20 19:46:20	2020-04-21 15:29:17	lilimarti	fruit juices	France	beverages	Energy orange, mangue, acérola,guarana pasteurisé	202.0	0.6	0.1	10.9	9.2	0.0	0.0	0.0	Plant-based foods and beverages,Beverages,Plant-based beverages,Fruit-based beverages,Juices and nectars,Fruit juices,Multifruit juices	Multifruit juices	4.0	c	0.4	81
3178050027296	To be completed,Nutrition facts completed,Ingredients completed,Expiration date to be completed,Packaging code to be completed,Characteristics completed,Categories completed,Brands completed,Packaging completed,Quantity completed,Product name completed,Photos to be validated,Photos uploaded	http://world-en.openfoodfacts.org/product/3178050027296/culinesse-planta-fin	2012-03-20 20:41:25	2015-11-20 07:44:54	lilimarti	fats	France	fat and sauces	Culinesse	2759.0	0.1	74.0	0.1	0.1	1.3462	0.53848	7.5	Plant-based foods and beverages,Plant-based foods,Fats,Vegetable fats,Vegetable oils,Mixed vegetable oils	Mixed vegetable oils	14.0	d	0.0	25
3021210012000	To be completed,Nutrition facts completed,Ingredients completed,Expiration date completed,Packaging code completed,Characteristics completed,Origins completed,Categories completed,Brands completed,Packaging completed,Quantity completed,Product name completed,Photos to be validated,Packaging photo to be selected,Nutrition photo selected,Ingredients photo selected,Front photo selected,Photos uploaded	http://world-en.openfoodfacts.org/product/3021210012000/le-pate-henaff-avec-filets-et-jambons	2012-03-20 20:51:26	2021-03-06 18:24:03	lilimarti	salty and fatty products	France	salty snacks	Le Pâté Hénaff, Avec filets et jambons	1159.0	17.0	23.0	0.5	0.2	1.5	0.6	9.0	Canned foods,Meats,Spreads,Prepared meats,Salted spreads,fr:Charcuteries diverses,Pâté,Pork,Pork Pâtés	Pork Pâtés	17.0	d	0.0	25
3257980017710	To be completed,Nutrition facts completed,Ingredients completed,Expiration date to be completed,Packaging code completed,Characteristics to be completed,Origins to be completed,Categories completed,Brands completed,Packaging completed,Quantity completed,Product name completed,Photos to be validated,Packaging photo to be selected,Nutrition photo selected,Ingredients photo selected,Front photo selected,Photos uploaded	http://world-en.openfoodfacts.org/product/3257980017710/huile-de-tournesol-cora	2012-03-20 22:18:33	2021-02-22 22:28:32	stephane	fats	France	fat and sauces	Huile de Tournesol	3700.0	0.0	100.0	0.0	0.0	0.0	0.0	11.0	Plant-based foods and beverages,Plant-based foods,Fats,Vegetable fats,Sunflower seeds and their products,Vegetable oils,Sunflower oils	Sunflower oils	11.0	d	0.0	25
8076800376999	To be completed,Nutrition facts completed,Ingredients completed,Expiration date completed,Packaging code to be completed,Characteristics to be completed,Origins to be completed,Categories completed,Brands completed,Packaging completed,Quantity completed,Product name completed,Photos to be validated,Packaging photo to be selected,Nutrition photo selected,Ingredients photo selected,Front photo selected,Photos uploaded	http://world-en.openfoodfacts.org/product/8076800376999/lasagne-all-uovo-barilla	2012-03-21 10:21:42	2021-03-18 15:20:50	malikele	cereals	Belgium,Canada,Croatia,France,Germany,Greece,Hungary,Italy,Luxembourg,Romania,Slovenia,Spain,Switzerland,United Kingdom,Uruguay	cereals and potatoes	Lasagne all'uovo	1554.0	14.0	4.0	67.3	3.0	0.075	0.03	1.2	Plant-based foods and beverages,Plant-based foods,Cereals and potatoes,Cereals and their products,Pastas,Dry pastas,Egg pastas,Dry egg pastas,fr:Lasagnes à garnir,fr:lasagnes-a-garnir-aux-oeufs	fr:lasagnes-a-garnir-aux-oeufs	-3.0	a	3.0	25
3700019510497	To be checked,Complete,Nutrition facts completed,Ingredients completed,Expiration date to be completed,Packaging code to be completed,Characteristics completed,Categories completed,Brands completed,Packaging completed,Quantity completed,Product name completed,Photos validated,Photos uploaded	http://world-en.openfoodfacts.org/product/3700019510497/attieke-marguerite	2012-03-21 10:40:17	2017-10-02 11:33:25	malikele	one dish meals	Belgium,France	composite foods	Attiéké	1552.0	0.95	1.0	91.73	0.5	0.0095	0.0038	0.23	Groceries,Meals,Couscous,fr:attieke,fr:couscous-de-manioc	fr:couscous-de-manioc	0.0	b	4.2	25
5010338015978	To be completed,Nutrition facts completed,Ingredients completed,Expiration date to be completed,Packaging code to be completed,Characteristics completed,Categories completed,Brands completed,Packaging completed,Quantity completed,Product name completed,Photos to be validated,Photos uploaded	http://world-en.openfoodfacts.org/product/5010338015978/arroz-sushi-blue-dragon	2012-03-21 10:46:25	2019-11-23 15:16:40	malikele	cereals	Belgium	cereals and potatoes	Arroz sushi	1435.0	7.2	0.5	77.5	0.0	0.0	0.0	0.12	Plant-based foods and beverages,Plant-based foods,Cereals and potatoes,Seeds,Cereals and their products,Cereal grains,Rices,Sushi rice	Sushi rice	0.0	b	3.6	25
3039820602238	To be checked,Complete,Nutrition facts completed,Ingredients completed,Expiration date to be completed,Packaging code completed,Characteristics completed,Categories completed,Brands completed,Packaging completed,Quantity completed,Product name completed,Photos validated,Photos uploaded	http://world-en.openfoodfacts.org/product/3039820602238/couscous-vivien-paille	2012-03-21 11:16:03	2020-05-21 10:59:56	malikele	cereals	Belgium,France	cereals and potatoes	Couscous	1491.0	13.0	1.9	69.0	2.8	0.02	0.008	0.3	Plant-based foods and beverages,Plant-based foods,Cereals and potatoes,Cereals and their products,Cereal semolinas,Wheat semolinas,Durum wheat semolinas,Durum wheat semolinas for couscous	Durum wheat semolinas for couscous	-4.0	a	3.3	25
5400111135090	To be checked,Complete,Nutrition facts completed,Ingredients completed,Expiration date to be completed,Packaging code to be completed,Characteristics completed,Categories completed,Brands completed,Packaging completed,Quantity completed,Product name completed,Photos validated,Photos uploaded	http://world-en.openfoodfacts.org/product/5400111135090/polenta-val-d-aosta	2012-03-21 11:58:20	2020-04-21 13:36:09	malikele	cereals	Belgium	cereals and potatoes	Polenta	1734.0	8.3	2.38	72.0	1.52	0.5928000000000001	0.02	10.2	Plant-based foods and beverages,Plant-based foods,Cereals and potatoes,Cereals and their products,Cereal semolinas,Corn semolinas,Corn semolinas for polenta	Corn semolinas for polenta			8.0	25
3600900009508	To be completed,Nutrition facts completed,Ingredients completed,Expiration date to be completed,Packaging code to be completed,Characteristics to be completed,Origins to be completed,Categories completed,Brands completed,Packaging completed,Quantity completed,Product name completed,Photos to be validated,Packaging photo to be selected,Nutrition photo selected,Ingredients photo selected,Front photo selected,Photos uploaded	http://world-en.openfoodfacts.org/product/3600900009508/perles-japon-pour-potages-et-desserts-tipiak	2012-03-21 12:14:32	2021-02-01 18:40:49	malikele	unknown	Belgium,France,Switzerland	unknown	Perles Japon pour potages et desserts	1490.0	0.0	0.0	87.0	0.0	0.0	0.0	0.0	Groceries	Groceries	4.0	c	2.1	45
5410256003208	To be completed,Nutrition facts completed,Ingredients completed,Expiration date to be completed,Packaging code completed,Characteristics completed,Origins completed,Categories completed,Brands completed,Packaging completed,Quantity completed,Product name completed,Photos to be validated,Packaging photo to be selected,Nutrition photo selected,Ingredients photo selected,Front photo selected,Photos uploaded	http://world-en.openfoodfacts.org/product/5410256003208/sucre-impalpable-tienen-tirlemont	2012-03-21 12:20:47	2021-02-09 15:23:44	malikele	sweets	Belgium,Luxembourg	sugary snacks	Sucre impalpable	1700.0	0.0	0.0	100.0	96.0	0.0	0.0	0.0	Sweeteners,Sugars,Powdered sugars	Powdered sugars	15.0	d	1.0	25
3270160346127	To be completed,Nutrition facts completed,Ingredients completed,Expiration date to be completed,Packaging code completed,Characteristics to be completed,Origins to be completed,Categories completed,Brands completed,Packaging completed,Quantity completed,Product name completed,Photos to be validated,Packaging photo to be selected,Nutrition photo selected,Ingredients photo selected,Front photo selected,Photos uploaded	http://world-en.openfoodfacts.org/product/3270160346127/sorbet-la-mangue-passion-francois-theron	2012-03-21 20:29:12	2021-02-22 21:28:34	stephane	ice cream	France	milk and dairy products	Sorbet la mangue-passion	297.0	0.4	0.2	16.5	16.0	0.04	0.016	0.1	Desserts,Frozen foods,Frozen desserts,Ice creams and sorbets,Sorbets,Passion fruit sorbets,fr:sorbet-mangue-passion	fr:sorbet-mangue-passion	1.0	b	1.2	45
3174660084414	To be completed,Nutrition facts completed,Ingredients completed,Expiration date to be completed,Packaging code to be completed,Characteristics completed,Origins completed,Categories completed,Brands completed,Packaging completed,Quantity completed,Product name completed,Photos to be validated,Packaging photo to be selected,Nutrition photo selected,Ingredients photo selected,Front photo selected,Photos uploaded	http://world-en.openfoodfacts.org/product/3174660084414/blonvilliers-pure-canne-blond-poudre-beghin-say	2012-03-21 21:41:14	2021-02-09 13:52:57	stephane	sweets	France	sugary snacks	Blonvilliers pure canne blond poudre	1674.0	0.0	0.0	100.0	100.0	0.0	0.0	0.0	Sweeteners,Sugars,Cane sugar	Cane sugar	14.0	d	1.0	25
4002359654404	To be completed,Nutrition facts completed,Ingredients completed,Expiration date completed,Packaging code to be completed,Characteristics to be completed,Origins to be completed,Categories completed,Brands completed,Packaging completed,Quantity completed,Product name completed,Photos to be validated,Packaging photo to be selected,Nutrition photo selected,Ingredients photo selected,Front photo selected,Photos uploaded	http://world-en.openfoodfacts.org/product/4002359654404/sauce-soja-suzi-wan-300-ml	2012-03-21 21:45:24	2021-03-27 17:33:26	stephane	dressings and sauces	Belgium,France,Martinique	fat and sauces	Sauce soja  Suzi Wan 300 ml	255.0	9.0	0.5	3.7	0.5	17.1	6.84	0.1	Groceries,Condiments,Sauces,Soy sauces	Soy sauces	5.0	c	0.2	45
3298223032053	To be checked,Complete,Nutrition facts completed,Ingredients completed,Expiration date to be completed,Packaging code to be completed,Characteristics completed,Categories completed,Brands completed,Packaging completed,Quantity completed,Product name completed,Photos validated,Photos uploaded	http://world-en.openfoodfacts.org/product/3298223032053/chocolat-au-lait-et-aux-noisettes-elot	2012-03-21 22:19:18	2018-01-04 19:36:40	stephane	chocolate products	France	sugary snacks	Chocolat au lait et aux noisettes	2310.0	8.8	35.0	49.0	49.0	0.2	0.08	17.0	Snacks,Sweet snacks,Chocolates,Milk chocolates,Chocolates with hazelnuts,Milk chocolate with hazelnuts	Milk chocolate with hazelnuts	24.0	e	2.8	25
3298223032015	To be completed,Nutrition facts completed,Ingredients completed,Expiration date completed,Packaging code to be completed,Characteristics completed,Categories completed,Brands completed,Packaging completed,Quantity completed,Product name completed,Photos to be validated,Photos uploaded	http://world-en.openfoodfacts.org/product/3298223032015/chocolat-au-lait-elot	2012-03-21 22:26:07	2018-02-04 18:40:43	stephane	chocolate products	France	sugary snacks	Chocolat au lait	2213.0	7.7	30.0	56.0	56.0	0.28	0.112	19.0	Snacks,Sweet snacks,Chocolates,Milk chocolates	Milk chocolates	25.0	e	2.0	25
5400111064543	To be checked,Complete,Nutrition facts completed,Ingredients completed,Expiration date to be completed,Packaging code to be completed,Characteristics completed,Categories completed,Brands completed,Packaging completed,Quantity completed,Product name completed,Photos validated,Photos uploaded	http://world-en.openfoodfacts.org/product/5400111064543/chocolat-espresso-delhaize	2012-03-22 12:19:09	2020-09-27 11:09:35	malikele	chocolate products	Belgium	sugary snacks	Chocolat Espresso	291.4	4.0	41.6	40.0	35.1	0.254	0.1016	27.2	Snacks,Sweet snacks,Chocolates,Dark chocolates,Filled chocolates,Filled dark chocolates	Filled dark chocolates			5.7	25
5412038243017	To be checked,Complete,Nutrition facts completed,Ingredients completed,Expiration date completed,Packaging code to be completed,Characteristics completed,Categories completed,Brands completed,Packaging completed,Quantity completed,Product name completed,Photos validated,Photos uploaded	http://world-en.openfoodfacts.org/product/5412038243017/baton-galler-praline-noir	2012-03-22 12:39:43	2019-03-18 14:48:43	malikele	chocolate products	Belgium,France	sugary snacks	Bâton Galler Praliné-Noir	2276.0	5.9	38.2	41.2	36.9	0.1	0.04	18.4	Snacks,Sweet snacks,Confectioneries,Chocolates,Dark chocolates,Filled chocolates,Chocolate filled with praline,Filled dark chocolates	Filled dark chocolates	24.0	e	4.8	25
5412038242096	To be completed,Nutrition facts completed,Ingredients to be completed,Expiration date to be completed,Packaging code to be completed,Characteristics to be completed,Origins to be completed,Categories completed,Brands completed,Packaging completed,Quantity completed,Product name completed,Photos to be validated,Packaging photo to be selected,Nutrition photo to be selected,Ingredients photo selected,Front photo selected,Photos uploaded	http://world-en.openfoodfacts.org/product/5412038242096/baton-galler-mandarine-napoleon-lait	2012-03-22 19:05:29	2021-01-29 11:44:17	malikele	sweets	Belgium,France	sugary snacks	Bâton Galler Mandarine Napoléon-Lait	2021.0	4.3	27.4	50.8	50.4	0.1	0.04	16.7	Snacks,Sweet snacks,Confectioneries	Confectioneries	26.0	e	1.0	25
5412038243048	To be completed,Nutrition facts completed,Ingredients completed,Expiration date to be completed,Packaging code to be completed,Characteristics completed,Categories completed,Brands completed,Packaging completed,Quantity completed,Product name completed,Photos to be validated,Packaging photo to be selected,Nutrition photo selected,Ingredients photo selected,Front photo selected,Photos uploaded	http://world-en.openfoodfacts.org/product/5412038243048/baton-galler-cafe-liegeois-noir	2012-03-22 19:21:51	2020-10-16 15:24:28	malikele	chocolate products	Belgium,France	sugary snacks	Bâton Galler Café Liégeois-Noir	2084.0	4.4	31.9	44.3	42.6	0.0	0.0	20.3	Snacks,Sweet snacks,Confectioneries,Chocolates	Chocolates	25.0	e	0.0	25
6001038073503	To be checked,Complete,Nutrition facts completed,Ingredients completed,Expiration date to be completed,Packaging code to be completed,Characteristics completed,Categories completed,Brands completed,Packaging completed,Quantity completed,Product name completed,Photos validated,Photos uploaded	http://world-en.openfoodfacts.org/product/6001038073503/aromat-seasoning-knorr	2012-03-22 19:40:36	2020-08-24 08:04:08	malikele	unknown	Belgium	unknown	Aromat seasoning	1433.4	6.0	7.14	19.79	29.68	0.227	0.232	7.12	Groceries,Condiments	Condiments			2.1	45
3263850665219	To be checked,Complete,Nutrition facts completed,Ingredients completed,Expiration date to be completed,Packaging code to be completed,Characteristics completed,Categories completed,Brands completed,Packaging completed,Quantity completed,Product name completed,Photos validated,Photos uploaded	http://world-en.openfoodfacts.org/product/3263850665219/sublime-de-tomates-leader-price	2012-03-22 22:10:12	2019-09-09 16:23:24	stephane	dressings and sauces	France	fat and sauces	Sublime de tomates	745.0	2.1	13.7	10.0	6.3	1.7	0.68	1.0	Groceries,Sauces,Tomato sauces	Tomato sauces	4.0	c	3.1	45
3278422003504	To be checked,Complete,Nutrition facts completed,Ingredients completed,Expiration date to be completed,Packaging code to be completed,Characteristics completed,Categories completed,Brands completed,Packaging completed,Quantity completed,Product name completed,Photos validated,Photos uploaded	http://world-en.openfoodfacts.org/product/3278422003504/nectar-mangue-mont-pele	2012-03-22 22:16:52	2020-02-27 01:01:13	stephane	sweetened beverages	France	beverages	Nectar mangue	215.0	0.2	0.2	12.0	7.6	0.083199999046326	0.006	0.55999999046326	Plant-based foods and beverages,Beverages,Plant-based beverages,Fruit-based beverages,Juices and nectars,Fruit nectars,Mango nectars	Mango nectars			0.0	45
3278422003306	To be checked,Complete,Nutrition facts completed,Ingredients completed,Expiration date to be completed,Packaging code to be completed,Characteristics completed,Categories completed,Brands completed,Packaging completed,Quantity completed,Product name completed,Photos validated,Photos uploaded	http://world-en.openfoodfacts.org/product/3278422003306/nectar-fruits-de-la-passion-a-base-de-jus-concentre-mont-pele	2012-03-22 22:23:27	2020-02-26 20:33:55	stephane	sweetened beverages	France	beverages	Nectar fruits de la passion à base de jus concentré	213.0	0.5	0.1	15.2	12.0	0.01	0.004	0.0	Plant-based foods and beverages,Beverages,Plant-based beverages,Fruit-based beverages,Juices and nectars,Fruit nectars,Passion fruit nectars	Passion fruit nectars	16.0	e	0.5	45
3294580102019	To be completed,Nutrition facts completed,Ingredients completed,Expiration date completed,Packaging code completed,Characteristics completed,Origins completed,Categories completed,Brands completed,Packaging completed,Quantity completed,Product name completed,Photos to be validated,Packaging photo to be selected,Nutrition photo selected,Ingredients photo selected,Front photo selected,Photos uploaded	http://world-en.openfoodfacts.org/product/3294580102019/reblochon-de-savoie-aop-fruitier-pochat-fils	2012-03-23 15:12:04	2021-03-06 19:11:14	andre	cheese	France	milk and dairy products	Reblochon de Savoie AOP Fruitier	1377.0	21.0	27.0	0.5	0.5	1.4	0.56	18.0	Dairies,Fermented foods,Fermented milk products,Cheeses,Fresh foods,Cow cheeses,French cheeses,Mountain products,Uncooked pressed cheeses,Unpasteurised cheeses,Mountain cheeses,Reblochon,Aoc-cheeses,Labeled-cheeses,fr:produits-aoc,fr:produits-labellises	fr:produits-labellises	15.0	d	0.0	25
3073780728959	To be completed,Nutrition facts completed,Ingredients completed,Expiration date to be completed,Packaging code completed,Characteristics to be completed,Categories completed,Brands to be completed,Packaging completed,Quantity to be completed,Product name to be completed,Photos to be validated,Photos uploaded	http://world-en.openfoodfacts.org/product/3073780728959	2012-03-23 16:07:16	2019-07-12 13:38:36	andre	cheese	France,Switzerland	milk and dairy products		1110.0	11.5	23.0	4.0	4.0	2.2	0.88	15.5	Snacks,Dairies,Fermented foods,Salty snacks,Appetizers,Fermented milk products,Cheeses,Fresh foods,Cow cheeses,French cheeses,Processed cheese,Industrial cheese,fr:Fromages apéritif	fr:Fromages apéritif	17.0	d	0.0	25
3048282332645	To be completed,Nutrition facts completed,Ingredients completed,Expiration date completed,Packaging code to be completed,Characteristics to be completed,Origins to be completed,Categories completed,Brands completed,Packaging completed,Quantity completed,Product name completed,Photos to be validated,Packaging photo to be selected,Nutrition photo selected,Ingredients photo selected,Front photo selected,Photos uploaded	http://world-en.openfoodfacts.org/product/3048282332645/l-ourson-fraise-lu	2012-03-23 16:47:54	2021-03-23 20:50:53	stephane	biscuits and cakes	France	sugary snacks	L'ourson fraise	1519.0	4.8	11.0	64.0	35.0	0.58	0.232	1.6	Snacks,Desserts,Sweet snacks,Biscuits and cakes,Cakes,fr:gateaux-a-la-fraise	fr:gateaux-a-la-fraise	13.0	d	1.2	25
5410041423709	To be checked,Complete,Nutrition facts completed,Ingredients completed,Expiration date to be completed,Packaging code to be completed,Characteristics completed,Categories completed,Brands completed,Packaging completed,Quantity completed,Product name completed,Photos validated,Photos uploaded	http://world-en.openfoodfacts.org/product/5410041423709/prince-pocket-gout-vanille	2012-03-23 17:55:03	2020-07-25 09:13:44	stephane	biscuits and cakes	Belgium,France	sugary snacks	Prince Pocket goût vanille	1966.0	5.0	17.0	74.0	36.0	0.6096	0.24384	5.7	Snacks,Sweet snacks,Biscuits and cakes,Biscuits,Filled biscuits,fr:biscuits-a-la-vanille	fr:biscuits-a-la-vanille	17.0	d	2.0	25
4008400811727	To be completed,Nutrition facts completed,Ingredients completed,Expiration date completed,Packaging code to be completed,Characteristics to be completed,Origins to be completed,Categories completed,Brands completed,Packaging completed,Quantity completed,Product name completed,Photos to be validated,Packaging photo to be selected,Nutrition photo selected,Ingredients photo selected,Front photo selected,Photos uploaded	http://world-en.openfoodfacts.org/product/4008400811727/mon-cheri-cerise-bonbons-de-chocolat-noir-fourres-cerise-et-liqueur-boite-de-30-bouchees-ferrero	2012-03-24 13:30:58	2021-02-18 05:30:44	andre	sweets	Belgium,France,Spain,Switzerland	sugary snacks	Mon cheri cerise bonbons de chocolat noir fourres cerise et liqueur boite de 30 bouchees	1902.0	3.0	20.3	52.8	48.3	0.005	0.002	13.2	Snacks,Sweet snacks,Confectioneries,Chocolate candies,Bonbons,Chocolate covered fruits,Chocolate covered cherries,Liquor filled chocolate covered cherries	Liquor filled chocolate covered cherries	22.0	e	3.1	25
8850030116163	To be completed,Nutrition facts completed,Ingredients completed,Expiration date to be completed,Packaging code to be completed,Characteristics completed,Origins completed,Categories completed,Brands completed,Packaging completed,Quantity completed,Product name completed,Photos to be validated,Packaging photo to be selected,Nutrition photo selected,Ingredients photo selected,Front photo selected,Photos uploaded	http://world-en.openfoodfacts.org/product/8850030116163/green-curry-paste-lobo	2012-03-24 18:34:52	2021-02-23 00:23:24	malikele	dressings and sauces	Belgium,France	fat and sauces	Green curry paste	230.0	2.0	1.0	9.0	0.0	0.0	0.0	0.0	Groceries,Sauces,Curry pastes,Green curry pastes	Green curry pastes	-1.0	a	0.2	45
3033710082926	To be completed,Nutrition facts completed,Ingredients completed,Expiration date to be completed,Packaging code to be completed,Characteristics completed,Origins completed,Categories completed,Brands completed,Packaging completed,Quantity completed,Product name completed,Photos to be validated,Packaging photo to be selected,Nutrition photo selected,Ingredients photo selected,Front photo selected,Photos uploaded	http://world-en.openfoodfacts.org/product/3033710082926/maggi-fumet-de-poisson	2012-03-24 19:10:50	2021-03-05 19:23:07	malikele	unknown	Belgium,France	unknown	MAGGI Fumet de poisson	1156.0	0.6	0.1	2.6	0.5	1.4	0.56	0.0	Groceries,Dried products,Dried products to be rehydrated,Broths,Dehydrated broths,fr:fumets-de-poisson	fr:fumets-de-poisson			1.1	45
8718114867748	To be checked,Complete,Nutrition facts completed,Ingredients completed,Expiration date to be completed,Packaging code to be completed,Characteristics completed,Categories completed,Brands completed,Packaging completed,Quantity completed,Product name completed,Photos validated,Photos uploaded	http://world-en.openfoodfacts.org/product/8718114867748/finesse-bouillon-vis-poisson-knorr	2012-03-24 19:24:22	2020-09-26 04:16:31	malikele	unknown	Belgium	unknown	Finesse bouillon Vis/Poisson	14.0	0.4	0.1	0.2	0.1	1.05	0.42	0.1	Groceries,Broths	Broths	4.0	c	0.1	45
5400113024071	To be checked,Complete,Nutrition facts completed,Ingredients completed,Expiration date to be completed,Packaging code to be completed,Characteristics completed,Categories completed,Brands completed,Packaging completed,Quantity completed,Product name completed,Photos validated,Photos uploaded	http://world-en.openfoodfacts.org/product/5400113024071/instant-soup-poireau-delhaize	2012-03-24 19:36:13	2019-02-17 11:19:23	malikele	one dish meals	Belgium	composite foods	Instant soup' poireau	117.0	0.4	0.9	4.4	1.2	0.762	0.3048	0.4	Meals,Dried products,Dried products to be rehydrated,Soups,Dried meals,Dehydrated soups	Dehydrated soups			0.1	25
5400101170056	To be completed,Nutrition facts completed,Ingredients completed,Expiration date to be completed,Packaging code to be completed,Characteristics completed,Origins completed,Categories completed,Brands completed,Packaging completed,Quantity completed,Product name completed,Photos to be validated,Packaging photo to be selected,Nutrition photo selected,Ingredients photo selected,Front photo selected,Photos uploaded	http://world-en.openfoodfacts.org/product/5400101170056/poudre-a-lever-creative-cooking-carrefour	2012-03-24 19:44:50	2021-02-25 09:14:24	malikele	unknown	Belgium	unknown	Poudre à lever Créative! COOKING	367.0	0.5	0.1	33.0	0.5	4.6	1.84	0.1	fr:Poudres à lever	fr:Poudres à lever	11.0	d	0.1	45
5010928390508	To be checked,Complete,Nutrition facts completed,Ingredients completed,Expiration date to be completed,Packaging code to be completed,Characteristics completed,Categories completed,Brands completed,Packaging completed,Quantity completed,Product name completed,Photos validated,Photos uploaded	http://world-en.openfoodfacts.org/product/5010928390508/mix-wok-noodles-amoy	2012-03-24 20:51:11	2019-03-08 19:06:20	malikele	cereals	Belgium,France	cereals and potatoes	Mix & Wok Noodles	657.0	4.8	1.4	34.0	0.6	0.4	0.16	0.33	Plant-based foods and beverages,Plant-based foods,Cereals and potatoes,Cereals and their products,Noodles,Chinese noodles	Chinese noodles	0.0	b	0.0	25
3291337601344	To be completed,Nutrition facts completed,Ingredients completed,Expiration date to be completed,Packaging code to be completed,Characteristics completed,Categories completed,Brands completed,Packaging completed,Quantity completed,Product name completed,Photos to be validated,Photos uploaded	http://world-en.openfoodfacts.org/product/3291337601344/boisson-passion-orange-caresse-antillaise	2012-03-25 15:22:12	2018-07-23 17:08:34	stephane	sweetened beverages	France	beverages	Boisson Passion / Orange	184.0	0.0	0.0	11.0	11.0	0.0	0.0	0.0	Plant-based foods and beverages,Beverages,Plant-based beverages,Fruit-based beverages,Sweetened beverages	Sweetened beverages	15.0	e	0.0	45
0059284123462	To be checked,Complete,Nutrition facts completed,Ingredients completed,Expiration date to be completed,Packaging code to be completed,Characteristics completed,Categories completed,Brands completed,Packaging completed,Quantity completed,Product name completed,Photos validated,Photos uploaded	http://world-en.openfoodfacts.org/product/0059284123462/sauce-bbq-gourmet-miel-et-ail-diana-sauce	2012-03-25 15:29:43	2020-08-25 17:18:43	stephane	unknown	unknown	unknown	Sauce BBQ gourmet miel et ail	837.0	1.0000000397364	0.0	50.0	43.333333333333	2.0833333333333	0.83333333333332	0.0	Groceries	Groceries	20.0	e	0.0	45
3262720380078	To be completed,Nutrition facts completed,Ingredients completed,Expiration date to be completed,Packaging code to be completed,Characteristics completed,Origins completed,Categories completed,Brands completed,Packaging completed,Quantity completed,Product name completed,Photos to be validated,Packaging photo to be selected,Nutrition photo selected,Ingredients photo selected,Front photo selected,Photos uploaded	http://world-en.openfoodfacts.org/product/3262720380078/pinacolada-cocktail-ananas-coco-royal	2012-03-25 16:49:57	2021-02-23 00:01:03	stephane	sweetened beverages	France	beverages	Pinacolada - Cocktail ananas coco	238.0	0.6	1.4	13.5	13.5	0.01524	0.006096	1.3	Plant-based foods and beverages,Beverages,Plant-based beverages,Fruit-based beverages,Sweetened beverages	Sweetened beverages	18.0	e	0.5	45
